Product Name,Price
Rambler - All-Arounder / Gravel,"Regular Price


from $1,200.00"
Rambler SL - Gravel / All-Arounder,"Regular Price


from $1,500.00"
Supertramp - Bikepacking,"Regular Price


from $1,200.00"
Earth Ship Steel Frameset - Gravel,"Regular Price


$2,700.00"
Earth Ship Titanium Frameset - Gravel,"Regular Price


$6,200.00"
Dream Engine Titanium Frame - Bikepacking,"Regular Price


$5,700.00"
Dream Engine Steel Frameset - Bikepacking,"Regular Price


$3,200.00"
Yo Jeffy! 120mm Hardtail Frame,"Regular Price


from $2,500.00"
Full Wolf Frameset - Cyclocross,"Regular Price


$3,300.00"
Custom Drop Bar Frameset Deposit,"Regular Price


from $1,500.00"
Custom Mountain Bike Frame Deposit,"Regular Price


from $1,250.00"
